exigence;module;intitule_module;libelle_exigence;priorite;cas_de_test;livrables_couvrants;statut_recette;critere_ou_observation
EF-M01-01;M01;Référentiels et paramétrage;Paramétrer la structure : nom, type (CS, CSR, poste de santé, HGR), province, zone de santé, aire de santé, code SNIS, population de responsabilité par année, villages et quartiers rattachés;Indispensable;CT-M01-CL;"Cahier des charges ; Schéma de base de données ; Spécification API ; Maquettes ; Jeu de données de démonstration";À vérifier;
EF-M01-02;M01;Référentiels et paramétrage;Gérer le référentiel des services et unités fonctionnelles (réception, consultation, soins, maternité, observation, laboratoire, pharmacie, logistique);Indispensable;CT-M01-CL;"Cahier des charges ; Schéma de base de données ; Spécification API ; Maquettes ; Jeu de données de démonstration";À vérifier;
EF-M01-03;M01;Référentiels et paramétrage;Gérer le catalogue des actes et prestations avec code, libellé, unité, tarif, service, durée, coût de revient indicatif;Indispensable;CT-M01-03;"Cahier des charges ; Schéma de base de données ; Spécification API ; Maquettes ; Jeu de données de démonstration";À vérifier;
EF-M01-04;M01;Référentiels et paramétrage;Gérer le référentiel des diagnostics basé sur la CIM-10, avec sous-ensemble « maladies à notification obligatoire » du canevas SNIS et libellés locaux;Indispensable;CT-M01-CL;"Cahier des charges ; Schéma de base de données ; Spécification API ; Maquettes ; Jeu de données de démonstration";À vérifier;
EF-M01-05;M01;Référentiels et paramétrage;Gérer le référentiel des examens de laboratoire aligné sur LOINC, avec valeurs de référence par âge et sexe, unités et seuils d'alerte;Indispensable;CT-M01-03;"Cahier des charges ; Schéma de base de données ; Spécification API ; Maquettes ; Jeu de données de démonstration";À vérifier;
EF-M01-06;M01;Référentiels et paramétrage;Gérer le référentiel des médicaments en DCI, forme, dosage, conditionnement, classe thérapeutique, statut « liste nationale des médicaments essentiels », produit traceur oui/non, chaîne du froid oui/non;Indispensable;CT-M01-CL;"Cahier des charges ; Schéma de base de données ; Spécification API ; Maquettes ; Jeu de données de démonstration";À vérifier;
EF-M01-07;M01;Référentiels et paramétrage;Gérer les grilles tarifaires multiples : tarif forfaitaire par épisode, tarif à l'acte, tarif par régime de prise en charge, date d'effet et historique;Indispensable;CT-M01-CL;"Cahier des charges ; Schéma de base de données ; Spécification API ; Maquettes ; Jeu de données de démonstration";À vérifier;
EF-M01-08;M01;Référentiels et paramétrage;Gérer les jours fériés, horaires d'ouverture, tours de garde et roulements de service;Indispensable;CT-M01-CL;"Cahier des charges ; Schéma de base de données ; Spécification API ; Maquettes ; Jeu de données de démonstration";À vérifier;
EF-M01-09;M01;Référentiels et paramétrage;Gérer les unités de mesure, devises (CDF, USD) avec taux de change daté et arrondis paramétrables;Indispensable;CT-M01-02;"Cahier des charges ; Schéma de base de données ; Spécification API ; Maquettes ; Jeu de données de démonstration";À vérifier;
EF-M01-10;M01;Référentiels et paramétrage;Importer/exporter tous les référentiels en CSV/Excel pour initialisation et mise à jour de masse;Indispensable;CT-M01-CL;"Cahier des charges ; Schéma de base de données ; Spécification API ; Maquettes ; Jeu de données de démonstration";À vérifier;
EF-M01-11;M01;Référentiels et paramétrage;Versionner les référentiels : toute modification conserve l'historique et n'altère pas les enregistrements passés;Indispensable;CT-M01-01;"Cahier des charges ; Schéma de base de données ; Spécification API ; Maquettes ; Jeu de données de démonstration";À vérifier;
EF-M01-12;M01;Référentiels et paramétrage;Paramétrer les ordinogrammes et protocoles nationaux (paludisme, IRA, diarrhée, PCIME, IST) sous forme d'arbres de décision éditables sans redéploiement;Souhaitable;CT-M01-CL;"Cahier des charges ; Schéma de base de données ; Spécification API ; Maquettes ; Jeu de données de démonstration";À vérifier;
EF-M02-01;M02;Identité patient et dossier unique;Créer un patient avec identifiant unique permanent (numéro de dossier) et code-barres/QR imprimable sur la carte du patient;Indispensable;CT-M02-CL;"Cahier des charges ; Schéma de base de données ; Spécification API ; Jeu de données de démonstration";À vérifier;
EF-M02-02;M02;Identité patient et dossier unique;Champs minimaux : nom, post-nom, prénom, sexe, date de naissance ou âge estimé, état civil, profession, téléphone, adresse (avenue, quartier, village, aire de santé), personne à contacter, provenance (zone de santé / hors zone);Indispensable;CT-M02-CL;"Cahier des charges ; Schéma de base de données ; Spécification API ; Jeu de données de démonstration";À vérifier;
EF-M02-03;M02;Identité patient et dossier unique;Gérer les cas d'âge inconnu (âge déclaré, année approximative) et les nouveau-nés sans prénom, avec régularisation ultérieure;Indispensable;CT-M02-CL;"Cahier des charges ; Schéma de base de données ; Spécification API ; Jeu de données de démonstration";À vérifier;
EF-M02-04;M02;Identité patient et dossier unique;Recherche tolérante aux fautes : phonétique adaptée aux noms locaux, recherche par téléphone, par numéro de dossier, par scan de carte, par nom de la mère;Indispensable;CT-M02-01;"Cahier des charges ; Schéma de base de données ; Spécification API ; Jeu de données de démonstration";À vérifier;
EF-M02-05;M02;Identité patient et dossier unique;Détecter les doublons à la création (score de similarité) et permettre la fusion de dossiers avec conservation de l'historique et de la trace de fusion;Indispensable;CT-M02-02;"Cahier des charges ; Schéma de base de données ; Spécification API ; Jeu de données de démonstration";À vérifier;
EF-M02-06;M02;Identité patient et dossier unique;Gérer les liens familiaux : ménage, mère–enfant (obligatoire pour la CPS, le PEV et la PTME), tuteur;Indispensable;"CT-M02-03 ; CT-M09-03";"Cahier des charges ; Schéma de base de données ; Spécification API ; Jeu de données de démonstration";À vérifier;
EF-M02-07;M02;Identité patient et dossier unique;Rattacher un patient à un ou plusieurs régimes de prise en charge : payant, mutualiste (n° d'affiliation, mutuelle, taux), indigent (décision et validité), gratuité maternité/nouveau-né, programme vertical, employeur conventionné;Indispensable;CT-M02-CL;"Cahier des charges ; Schéma de base de données ; Spécification API ; Jeu de données de démonstration";À vérifier;
EF-M02-08;M02;Identité patient et dossier unique;Dossier patient chronologique unique consolidant consultations, examens, prescriptions, dispensations, vaccins, hospitalisations, accouchements, factures, références;Indispensable;CT-M02-CL;"Cahier des charges ; Schéma de base de données ; Spécification API ; Jeu de données de démonstration";À vérifier;
EF-M02-09;M02;Identité patient et dossier unique;Marquer les alertes cliniques : allergies, groupe sanguin, pathologies chroniques, traitements au long cours, grossesse en cours;Indispensable;CT-M02-CL;"Cahier des charges ; Schéma de base de données ; Spécification API ; Jeu de données de démonstration";À vérifier;
EF-M02-10;M02;Identité patient et dossier unique;Gérer le consentement du patient au traitement de ses données et à la réception de SMS, conformément au Code du numérique (R6);Indispensable;CT-M02-CL;"Cahier des charges ; Schéma de base de données ; Spécification API ; Jeu de données de démonstration";À vérifier;
EF-M02-11;M02;Identité patient et dossier unique;Journaliser tout accès en lecture au dossier d'un patient (qui, quand, quoi);Indispensable;CT-M02-04;"Cahier des charges ; Schéma de base de données ; Spécification API ; Jeu de données de démonstration";À vérifier;
EF-M03-01;M03;Accueil, file d'attente et triage;Enregistrer une venue (épisode de soins) avec date, heure, motif, type (nouveau cas, ancien cas, référé, urgence, préventif);Indispensable;CT-M03-CL;"Cahier des charges ; Schéma de base de données ; Spécification API ; Maquettes ; Jeu de données de démonstration";À vérifier;
EF-M03-02;M03;Accueil, file d'attente et triage;Distinguer explicitement nouveau cas / ancien cas selon les règles SNIS, avec calcul automatique proposé et possibilité de correction motivée;Indispensable;CT-M03-02;"Cahier des charges ; Schéma de base de données ; Spécification API ; Maquettes ; Jeu de données de démonstration";À vérifier;
EF-M03-03;M03;Accueil, file d'attente et triage;Gérer une file d'attente par service, avec numéro d'ordre, jeton de couleur pour urgence/référé, et affichage écran ou impression de ticket;Indispensable;CT-M03-01;"Cahier des charges ; Schéma de base de données ; Spécification API ; Maquettes ; Jeu de données de démonstration";À vérifier;
EF-M03-04;M03;Accueil, file d'attente et triage;Triage avec constantes (poids, taille, température, tension, pouls, fréquence respiratoire, SpO2, périmètre brachial) et calcul automatique IMC, z-scores, signes de danger PCIME;Indispensable;CT-M03-03;"Cahier des charges ; Schéma de base de données ; Spécification API ; Maquettes ; Jeu de données de démonstration";À vérifier;
EF-M03-05;M03;Accueil, file d'attente et triage;Orienter automatiquement vers le service compétent selon le motif et le triage;Indispensable;CT-M03-03;"Cahier des charges ; Schéma de base de données ; Spécification API ; Maquettes ; Jeu de données de démonstration";À vérifier;
EF-M03-06;M03;Accueil, file d'attente et triage;Afficher au patient le circuit et le tarif applicable avant la prestation (exigence FBP d'affichage des tarifs);Indispensable;CT-M03-CL;"Cahier des charges ; Schéma de base de données ; Spécification API ; Maquettes ; Jeu de données de démonstration";À vérifier;
EF-M03-07;M03;Accueil, file d'attente et triage;Mesurer et restituer les temps d'attente par étape;Souhaitable;CT-M03-01;"Cahier des charges ; Schéma de base de données ; Spécification API ; Maquettes ; Jeu de données de démonstration";À vérifier;
EF-M04-01;M04;Consultation curative et dossier médical;Saisir une consultation structurée : plainte principale, anamnèse, antécédents, examen physique par appareil, hypothèses, diagnostic retenu codé CIM-10, diagnostics associés, conduite à tenir;Indispensable;CT-M04-CL;"Cahier des charges ; Schéma de base de données ; Spécification API ; Maquettes ; Jeu de données de démonstration";À vérifier;
EF-M04-02;M04;Consultation curative et dossier médical;Proposer des modèles de consultation par motif fréquent et la reprise des données de la venue précédente;Indispensable;CT-M04-CL;"Cahier des charges ; Schéma de base de données ; Spécification API ; Maquettes ; Jeu de données de démonstration";À vérifier;
EF-M04-03;M04;Consultation curative et dossier médical;Appliquer les ordinogrammes PCIME et protocoles nationaux avec suggestion de conduite, sans blocage du prescripteur;Indispensable;CT-M05-03;"Cahier des charges ; Schéma de base de données ; Spécification API ; Maquettes ; Jeu de données de démonstration";À vérifier;
EF-M04-04;M04;Consultation curative et dossier médical;Gérer les actes réalisés en salle de soins : pansement, injection, suture, petite chirurgie, perfusion, transfusion, avec traçabilité du praticien et des consommables;Indispensable;CT-M04-CL;"Cahier des charges ; Schéma de base de données ; Spécification API ; Maquettes ; Jeu de données de démonstration";À vérifier;
EF-M04-05;M04;Consultation curative et dossier médical;Générer automatiquement le registre de consultation curative conforme, imprimable et exportable;Indispensable;CT-M04-CL;"Cahier des charges ; Schéma de base de données ; Spécification API ; Maquettes ; Jeu de données de démonstration";À vérifier;
EF-M04-06;M04;Consultation curative et dossier médical;Gérer les rendez-vous et la carte de rendez-vous, avec liste des rendez-vous manqués;Indispensable;CT-M04-CL;"Cahier des charges ; Schéma de base de données ; Spécification API ; Maquettes ; Jeu de données de démonstration";À vérifier;
EF-M04-07;M04;Consultation curative et dossier médical;Gérer la déclaration des maladies à notification obligatoire avec alerte immédiate et fiche de notification;Indispensable;CT-M04-02;"Cahier des charges ; Schéma de base de données ; Spécification API ; Maquettes ; Jeu de données de démonstration";À vérifier;
EF-M04-08;M04;Consultation curative et dossier médical;Enregistrer les décès avec cause et groupe d'âge conformément au canevas SNIS, et produire le certificat de décès;Indispensable;CT-M04-CL;"Cahier des charges ; Schéma de base de données ; Spécification API ; Maquettes ; Jeu de données de démonstration";À vérifier;
EF-M04-09;M04;Consultation curative et dossier médical;Gérer la prise en charge des survivants de violences sexuelles avec confidentialité renforcée et accès restreint;Indispensable;CT-M04-CL;"Cahier des charges ; Schéma de base de données ; Spécification API ; Maquettes ; Jeu de données de démonstration";À vérifier;
EF-M04-10;M04;Consultation curative et dossier médical;Verrouiller une consultation validée : plus de modification silencieuse, seulement des addenda tracés;Indispensable;CT-M04-01;"Cahier des charges ; Schéma de base de données ; Spécification API ; Maquettes ; Jeu de données de démonstration";À vérifier;
EF-M05-01;M05;Prescription et aide à la décision;Prescrire en DCI avec posologie structurée (dose, voie, fréquence, durée), calcul automatique de la quantité à dispenser;Indispensable;CT-M05-02;"Cahier des charges ; Schéma de base de données ; Spécification API ; Maquettes ; Jeu de données de démonstration";À vérifier;
EF-M05-02;M05;Prescription et aide à la décision;Calculer les posologies pédiatriques au poids avec bornes de sécurité et alerte de dépassement;Indispensable;CT-M05-02;"Cahier des charges ; Schéma de base de données ; Spécification API ; Maquettes ; Jeu de données de démonstration";À vérifier;
EF-M05-03;M05;Prescription et aide à la décision;Alerter sur allergie déclarée, contre-indication grossesse/allaitement, redondance thérapeutique et interactions majeures (base paramétrable);Souhaitable;CT-M05-01;"Cahier des charges ; Schéma de base de données ; Spécification API ; Maquettes ; Jeu de données de démonstration";À vérifier;
EF-M05-04;M05;Prescription et aide à la décision;Afficher la disponibilité en stock et le coût prévisionnel au moment de la prescription, avec proposition d'équivalents disponibles;Indispensable;CT-M05-02;"Cahier des charges ; Schéma de base de données ; Spécification API ; Maquettes ; Jeu de données de démonstration";À vérifier;
EF-M05-05;M05;Prescription et aide à la décision;Imprimer l'ordonnance et le bon d'analyses au format officiel, avec identification du prescripteur;Indispensable;CT-M05-CL;"Cahier des charges ; Schéma de base de données ; Spécification API ; Maquettes ; Jeu de données de démonstration";À vérifier;
EF-M05-06;M05;Prescription et aide à la décision;Gérer les protocoles pré-remplis (paludisme simple, IRA, diarrhée, TPI, déparasitage, vitamine A) en un clic;Indispensable;CT-M05-03;"Cahier des charges ; Schéma de base de données ; Spécification API ; Maquettes ; Jeu de données de démonstration";À vérifier;
EF-M05-07;M05;Prescription et aide à la décision;Gérer les prescriptions au long cours et le renouvellement pour les maladies chroniques et les ARV;Souhaitable;CT-M05-CL;"Cahier des charges ; Schéma de base de données ; Spécification API ; Maquettes ; Jeu de données de démonstration";À vérifier;
EF-M06-01;M06;Laboratoire;Recevoir les demandes d'examens depuis la consultation, avec file d'attente laboratoire et priorité urgence;Indispensable;CT-M06-CL;"Cahier des charges ; Schéma de base de données ; Spécification API ; Maquettes ; Jeu de données de démonstration";À vérifier;
EF-M06-02;M06;Laboratoire;Gérer les examens du PMA : TDR paludisme, hémoglobine, test rapide VIH, selles fraîches, numération globulaire, test d'Emmel, sédiment urinaire, vitesse de sédimentation, bandelettes, examens colorimétriques, culot urinaire, ponction ganglionnaire;Indispensable;CT-M06-CL;"Cahier des charges ; Schéma de base de données ; Spécification API ; Maquettes ; Jeu de données de démonstration";À vérifier;
EF-M06-03;M06;Laboratoire;Saisir les résultats avec unités, valeurs de référence, interprétation automatique normal/anormal, résultats critiques signalés au prescripteur;Indispensable;CT-M06-01;"Cahier des charges ; Schéma de base de données ; Spécification API ; Maquettes ; Jeu de données de démonstration";À vérifier;
EF-M06-04;M06;Laboratoire;Générer le registre de laboratoire, le registre de résultats et la fiche de rendu de résultat;Indispensable;CT-M06-CL;"Cahier des charges ; Schéma de base de données ; Spécification API ; Maquettes ; Jeu de données de démonstration";À vérifier;
EF-M06-05;M06;Laboratoire;Gérer le groupe sanguin, la carte de groupe sanguin, la fiche de compatibilité et le dossier de transfusion;Indispensable;CT-M06-CL;"Cahier des charges ; Schéma de base de données ; Spécification API ; Maquettes ; Jeu de données de démonstration";À vérifier;
EF-M06-06;M06;Laboratoire;Décrémenter automatiquement les réactifs et consommables consommés par examen;Indispensable;CT-M06-02;"Cahier des charges ; Schéma de base de données ; Spécification API ; Maquettes ; Jeu de données de démonstration";À vérifier;
EF-M06-07;M06;Laboratoire;Suivre les températures d'équipements (réfrigérateur, chaîne du froid) via la fiche de surveillance de température, avec alerte hors plage;Indispensable;CT-M06-03;"Cahier des charges ; Schéma de base de données ; Spécification API ; Maquettes ; Jeu de données de démonstration";À vérifier;
EF-M06-08;M06;Laboratoire;Suivre le contrôle de qualité interne et la traçabilité des lots de réactifs;Souhaitable;CT-M06-CL;"Cahier des charges ; Schéma de base de données ; Spécification API ; Maquettes ; Jeu de données de démonstration";À vérifier;
EF-M07-01;M07;Pharmacie et stock;Tenir une fiche de stock électronique par produit et par lot : entrées, sorties, pertes, ajustements d'inventaire, solde, avec désignation en DCI;Indispensable;CT-M07-01;"Cahier des charges ; Schéma de base de données ; Spécification API ; Maquettes ; Mapping DHIS2/SIGL ; Jeu de données de démonstration";À vérifier;
EF-M07-02;M07;Pharmacie et stock;Calculer et afficher les quatre données essentielles : stock disponible utilisable (hors périmés et altérés), quantité consommée, pertes, nombre de jours de rupture de stock, plus stock initial et entrées du mois;Indispensable;"CT-M07-01 ; CT-M07-04";"Cahier des charges ; Schéma de base de données ; Spécification API ; Maquettes ; Mapping DHIS2/SIGL ; Jeu de données de démonstration";À vérifier;
EF-M07-03;M07;Pharmacie et stock;Gérer les lots, dates de péremption et sortie FEFO, avec blocage ou alerte forte en cas de sortie d'un lot périmé;Indispensable;"CT-M07-02 ; CT-M07-06";"Cahier des charges ; Schéma de base de données ; Spécification API ; Maquettes ; Mapping DHIS2/SIGL ; Jeu de données de démonstration";À vérifier;
EF-M07-04;M07;Pharmacie et stock;Calculer la consommation moyenne mensuelle (CMM), le stock de sécurité, le stock maximum, le point de commande et la quantité à commander selon la formule paramétrable;Indispensable;CT-M07-04;"Cahier des charges ; Schéma de base de données ; Spécification API ; Maquettes ; Mapping DHIS2/SIGL ; Jeu de données de démonstration";À vérifier;
EF-M07-05;M07;Pharmacie et stock;Générer le bon de commande vers le BCZS/CDR selon le calendrier (mensuel, au plus tard le 5) et suivre les commandes en cours;Indispensable;CT-M07-04;"Cahier des charges ; Schéma de base de données ; Spécification API ; Maquettes ; Mapping DHIS2/SIGL ; Jeu de données de démonstration";À vérifier;
EF-M07-06;M07;Pharmacie et stock;Réceptionner avec bon de livraison et procès-verbal de réception, contrôle des écarts quantité/qualité, enregistrement des lots;Indispensable;CT-M07-CL;"Cahier des charges ; Schéma de base de données ; Spécification API ; Maquettes ; Mapping DHIS2/SIGL ; Jeu de données de démonstration";À vérifier;
EF-M07-07;M07;Pharmacie et stock;Gérer les inventaires physiques périodiques : feuille de comptage, fiche d'inventaire, rapport d'inventaire, écarts et ajustements justifiés;Indispensable;CT-M07-05;"Cahier des charges ; Schéma de base de données ; Spécification API ; Maquettes ; Mapping DHIS2/SIGL ; Jeu de données de démonstration";À vérifier;
EF-M07-08;M07;Pharmacie et stock;Gérer les produits hors d'usage : fiche/registre, motif (péremption, avarie, vol), procès-verbal de destruction;Indispensable;CT-M07-05;"Cahier des charges ; Schéma de base de données ; Spécification API ; Maquettes ; Mapping DHIS2/SIGL ; Jeu de données de démonstration";À vérifier;
EF-M07-09;M07;Pharmacie et stock;Dispenser sur ordonnance interne, avec substitution tracée et refus pour rupture tracé;Indispensable;CT-M07-03;"Cahier des charges ; Schéma de base de données ; Spécification API ; Maquettes ; Mapping DHIS2/SIGL ; Jeu de données de démonstration";À vérifier;
EF-M07-10;M07;Pharmacie et stock;Tenir le registre de consommation journalière et le RUMER (valeur du stock consommé, recettes du jour, versement au trésorier, date et visa de l'IT);Indispensable;CT-M07-CL;"Cahier des charges ; Schéma de base de données ; Spécification API ; Maquettes ; Mapping DHIS2/SIGL ; Jeu de données de démonstration";À vérifier;
EF-M07-11;M07;Pharmacie et stock;Gérer l'officine de vente au public, distincte du stock de service, avec marge paramétrable;Indispensable;CT-M07-03;"Cahier des charges ; Schéma de base de données ; Spécification API ; Maquettes ; Mapping DHIS2/SIGL ; Jeu de données de démonstration";À vérifier;
EF-M07-12;M07;Pharmacie et stock;Gérer les intrants PEV séparément : vaccins, diluants, seringues, réceptacles, pétrole, avec suivi de la chaîne du froid;Indispensable;CT-M07-CL;"Cahier des charges ; Schéma de base de données ; Spécification API ; Maquettes ; Mapping DHIS2/SIGL ; Jeu de données de démonstration";À vérifier;
EF-M07-13;M07;Pharmacie et stock;Produire le rapport synthèse mensuel de gestion des médicaments de la FOSA et l'exporter vers le SIGL/InfoMED et DHIS2;Indispensable;CT-M07-CL;"Cahier des charges ; Schéma de base de données ; Spécification API ; Maquettes ; Mapping DHIS2/SIGL ; Jeu de données de démonstration";À vérifier;
EF-M07-14;M07;Pharmacie et stock;Alerter sur seuils : sous stock de sécurité, surstock, péremption à 3/6 mois, produit traceur en rupture;Indispensable;CT-M07-06;"Cahier des charges ; Schéma de base de données ; Spécification API ; Maquettes ; Mapping DHIS2/SIGL ; Jeu de données de démonstration";À vérifier;
EF-M07-15;M07;Pharmacie et stock;Valoriser le stock (prix d'achat, valeur du stock) pour la rubrique « valeur de la pharmacie » du canevas SNIS;Indispensable;CT-M07-CL;"Cahier des charges ; Schéma de base de données ; Spécification API ; Maquettes ; Mapping DHIS2/SIGL ; Jeu de données de démonstration";À vérifier;
EF-M07-16;M07;Pharmacie et stock;Gérer les transferts entre structures ou entre dépôts avec fiche de transfert;Souhaitable;CT-M07-CL;"Cahier des charges ; Schéma de base de données ; Spécification API ; Maquettes ; Mapping DHIS2/SIGL ; Jeu de données de démonstration";À vérifier;
EF-M08-01;M08;Observation et lits;Gérer 2 lits d'observation (et plus si la structure est plus grande) : plan des lits, admission, sortie, transfert;Indispensable;CT-M08-CL;"Cahier des charges ; Schéma de base de données ; Spécification API ; Jeu de données de démonstration";À vérifier;
EF-M08-02;M08;Observation et lits;Tenir le dossier infirmier : feuille de signes vitaux, feuille de température, feuille de traitement avec administration horodatée, feuille d'évolution/surveillance, plan de soins;Indispensable;CT-M08-CL;"Cahier des charges ; Schéma de base de données ; Spécification API ; Jeu de données de démonstration";À vérifier;
EF-M08-03;M08;Observation et lits;Tenir le registre d'hospitalisation/observation avec date d'entrée, date de sortie, journées, diagnostic principal, condition de sortie;Indispensable;CT-M08-CL;"Cahier des charges ; Schéma de base de données ; Spécification API ; Jeu de données de démonstration";À vérifier;
EF-M08-04;M08;Observation et lits;Gérer la mise en observation prolongée, la décision de référence, la sortie contre avis médical et le décès;Indispensable;CT-M08-CL;"Cahier des charges ; Schéma de base de données ; Spécification API ; Jeu de données de démonstration";À vérifier;
EF-M08-05;M08;Observation et lits;Calculer automatiquement les journées d'hospitalisation, le taux d'occupation et la durée moyenne de séjour;Indispensable;CT-M08-CL;"Cahier des charges ; Schéma de base de données ; Spécification API ; Jeu de données de démonstration";À vérifier;
EF-M08-06;M08;Observation et lits;Gérer le tour de salle (cahier TDS) et les consignes de garde;Souhaitable;CT-M08-CL;"Cahier des charges ; Schéma de base de données ; Spécification API ; Jeu de données de démonstration";À vérifier;
EF-M09-01;M09;Maternité, CPN, CPoN et gratuité;Gérer la CPN recentrée : ouverture du dossier de grossesse, calcul du terme et de l'âge gestationnel, parité, gestité, antécédents obstétricaux, visites CPN 1 à 4+, examens, TPI, VAT, fer/acide folique, MILDA, dépistage VIH et syphilis;Indispensable;CT-M09-CL;"Cahier des charges ; Schéma de base de données ; Spécification API ; Maquettes ; Jeu de données de démonstration";À vérifier;
EF-M09-02;M09;Maternité, CPN, CPoN et gratuité;"Éditer la fiche CPN et la carte CPN de la gestante ; tenir le registre CPN avec identité, provenance, dates, grossesse, parité, examens, services reçus, issue de grossesse";Indispensable;CT-M09-CL;"Cahier des charges ; Schéma de base de données ; Spécification API ; Maquettes ; Jeu de données de démonstration";À vérifier;
EF-M09-03;M09;Maternité, CPN, CPoN et gratuité;Planifier et rappeler les rendez-vous CPN, identifier les gestantes en retard et les perdues de vue;Indispensable;CT-M09-CL;"Cahier des charges ; Schéma de base de données ; Spécification API ; Maquettes ; Jeu de données de démonstration";À vérifier;
EF-M09-04;M09;Maternité, CPN, CPoN et gratuité;Gérer le travail et l'accouchement : registre de travail, partogramme (dilatation, descente, contractions, rythme cardiaque fœtal, constantes), feuille de protocole d'accouchement;Indispensable;CT-M09-02;"Cahier des charges ; Schéma de base de données ; Spécification API ; Maquettes ; Jeu de données de démonstration";À vérifier;
EF-M09-05;M09;Maternité, CPN, CPoN et gratuité;Enregistrer l'accouchement : date/heure, type (eutocique, dystocique, référé), lieu (FOSA, hors FOSA), assistance qualifiée, délivrance, pertes sanguines, complications, GATPA;Indispensable;CT-M09-CL;"Cahier des charges ; Schéma de base de données ; Spécification API ; Maquettes ; Jeu de données de démonstration";À vérifier;
EF-M09-06;M09;Maternité, CPN, CPoN et gratuité;Enregistrer le nouveau-né : sexe, poids, APGAR, vivant/mort-né, réanimation, soins essentiels, allaitement précoce, fiche de suivi du nouveau-né, certificat de naissance;Indispensable;CT-M09-03;"Cahier des charges ; Schéma de base de données ; Spécification API ; Maquettes ; Jeu de données de démonstration";À vérifier;
EF-M09-07;M09;Maternité, CPN, CPoN et gratuité;Enregistrer les décès maternels et néonatals avec cause, et déclencher la fiche de revue des décès;Indispensable;CT-M09-CL;"Cahier des charges ; Schéma de base de données ; Spécification API ; Maquettes ; Jeu de données de démonstration";À vérifier;
EF-M09-08;M09;Maternité, CPN, CPoN et gratuité;Gérer la CPoN avec échéancier (J0-J2, J3-J7, J8-J42) et les consultations du post-partum;Indispensable;CT-M09-CL;"Cahier des charges ; Schéma de base de données ; Spécification API ; Maquettes ; Jeu de données de démonstration";À vérifier;
EF-M09-09;M09;Maternité, CPN, CPoN et gratuité;Appliquer automatiquement la gratuité de la maternité et des soins du nouveau-né : exonération du patient, valorisation de l'acte, constitution du dossier de remboursement et état de facturation au programme;Indispensable;CT-M09-01;"Cahier des charges ; Schéma de base de données ; Spécification API ; Maquettes ; Jeu de données de démonstration";À vérifier;
EF-M09-10;M09;Maternité, CPN, CPoN et gratuité;Gérer les urgences obstétricales : décision, délai, référence vers l'HGR avec fiche de référence obstétricale;Indispensable;CT-M09-02;"Cahier des charges ; Schéma de base de données ; Spécification API ; Maquettes ; Jeu de données de démonstration";À vérifier;
EF-M09-11;M09;Maternité, CPN, CPoN et gratuité;Gérer la PTME : registre PTME, femmes enceintes séropositives sous ARV, prophylaxie du nouveau-né, suivi de l'enfant exposé;Indispensable;CT-M09-CL;"Cahier des charges ; Schéma de base de données ; Spécification API ; Maquettes ; Jeu de données de démonstration";À vérifier;
EF-M10-01;M10;Santé de l'enfant, CPS et PEV;Gérer la consultation préscolaire : registre CPS, carte CPS, suivi de croissance avec courbes OMS (poids/âge, poids/taille, taille/âge, PB) et calcul des z-scores;Indispensable;CT-M10-CL;"Cahier des charges ; Schéma de base de données ; Spécification API ; Jeu de données de démonstration";À vérifier;
EF-M10-02;M10;Santé de l'enfant, CPS et PEV;Gérer le calendrier vaccinal national complet, y compris les antigènes récents du canevas (VPI2, VAR2), avec doses, âges cibles, intervalles;Indispensable;CT-M10-01;"Cahier des charges ; Schéma de base de données ; Spécification API ; Jeu de données de démonstration";À vérifier;
EF-M10-03;M10;Santé de l'enfant, CPS et PEV;Enregistrer les vaccinations par antigène, dose, lot, date, stratégie (fixe, avancée, mobile), site, vaccinateur;Indispensable;CT-M10-01;"Cahier des charges ; Schéma de base de données ; Spécification API ; Jeu de données de démonstration";À vérifier;
EF-M10-04;M10;Santé de l'enfant, CPS et PEV;Calculer les enfants complètement vaccinés, les abandons (perdus de vue entre doses), les taux de couverture par antigène et par village;Indispensable;CT-M10-02;"Cahier des charges ; Schéma de base de données ; Spécification API ; Jeu de données de démonstration";À vérifier;
EF-M10-05;M10;Santé de l'enfant, CPS et PEV;Gérer les intrants PEV et la chaîne du froid : stock de vaccins et diluants, relevés de température deux fois par jour, alerte de rupture de chaîne, gestion des flacons ouverts;Indispensable;CT-M06-03;"Cahier des charges ; Schéma de base de données ; Spécification API ; Jeu de données de démonstration";À vérifier;
EF-M10-06;M10;Santé de l'enfant, CPS et PEV;Gérer les MAPI (manifestations post-vaccinales indésirables);Souhaitable;CT-M10-CL;"Cahier des charges ; Schéma de base de données ; Spécification API ; Jeu de données de démonstration";À vérifier;
EF-M10-07;M10;Santé de l'enfant, CPS et PEV;Gérer les interventions associées : vitamine A, mébendazole, zinc, MILDA;Indispensable;CT-M10-CL;"Cahier des charges ; Schéma de base de données ; Spécification API ; Jeu de données de démonstration";À vérifier;
EF-M10-08;M10;Santé de l'enfant, CPS et PEV;Produire les listes de rappel pour récupération par les RECO/CAC;Indispensable;CT-M10-02;"Cahier des charges ; Schéma de base de données ; Spécification API ; Jeu de données de démonstration";À vérifier;
EF-M11-01;M11;Planification familiale;Gérer le counseling PF (fiche de counseling) et le registre PF avec nouvelles et anciennes utilisatrices;Indispensable;CT-M11-CL;"Cahier des charges ; Schéma de base de données ; Spécification API ; Jeu de données de démonstration";À vérifier;
EF-M11-02;M11;Planification familiale;Gérer les méthodes (orales, injectables, implants, DIU, préservatifs, méthodes naturelles, définitives) avec dates de renouvellement et conversion en couples-années de protection;Indispensable;CT-M11-CL;"Cahier des charges ; Schéma de base de données ; Spécification API ; Jeu de données de démonstration";À vérifier;
EF-M11-03;M11;Planification familiale;Suivre les acceptantes, les abandons, les effets secondaires et les retraits d'implants/DIU;Indispensable;CT-M11-CL;"Cahier des charges ; Schéma de base de données ; Spécification API ; Jeu de données de démonstration";À vérifier;
EF-M11-04;M11;Planification familiale;Gérer les stocks de produits contraceptifs avec les règles SIGL;Indispensable;CT-M11-CL;"Cahier des charges ; Schéma de base de données ; Spécification API ; Jeu de données de démonstration";À vérifier;
EF-M12-01;M12;Nutrition;Dépister la malnutrition aiguë modérée et sévère (PB, z-score P/T, œdèmes, test de l'appétit);Indispensable;CT-M12-CL;"Cahier des charges ; Schéma de base de données ; Spécification API ; Jeu de données de démonstration";À vérifier;
EF-M12-02;M12;Nutrition;Gérer les admissions et issues UNTA et UNS conformément au canevas SNIS (guéri, décès, abandon, non-répondant, transfert), y compris les groupes spécifiques;Indispensable;CT-M12-CL;"Cahier des charges ; Schéma de base de données ; Spécification API ; Jeu de données de démonstration";À vérifier;
EF-M12-03;M12;Nutrition;Suivre les rations (ATPE, farines) avec sortie de stock et cartes de ration;Indispensable;CT-M12-CL;"Cahier des charges ; Schéma de base de données ; Spécification API ; Jeu de données de démonstration";À vérifier;
EF-M12-04;M12;Nutrition;Produire les indicateurs de performance nutritionnelle (taux de guérison, décès, abandon, gain de poids);Indispensable;CT-M12-CL;"Cahier des charges ; Schéma de base de données ; Spécification API ; Jeu de données de démonstration";À vérifier;
EF-M13-01;M13;Programmes verticaux;Paludisme : cas suspects, testés (TDR/GE), confirmés, traités selon la politique nationale, paludisme grave référé, TPI chez la femme enceinte;Indispensable;CT-M13-CL;"Cahier des charges ; Schéma de base de données ; Spécification API ; Jeu de données de démonstration";À vérifier;
EF-M13-02;M13;Programmes verticaux;Tuberculose : registre TB, dépistage, mise sous traitement, catégorie, suivi des crachats, issues (guéri, traitement terminé, échec, décès, perdu de vue), contacts;Indispensable;CT-M13-CL;"Cahier des charges ; Schéma de base de données ; Spécification API ; Jeu de données de démonstration";À vérifier;
EF-M13-03;M13;Programmes verticaux;VIH : dépistage et conseil (registres pré-test et post-test), registre de prise en charge, file active sous ARV, registre des rendez-vous, prophylaxie au cotrimoxazole, charge virale;Indispensable;CT-M13-CL;"Cahier des charges ; Schéma de base de données ; Spécification API ; Jeu de données de démonstration";À vérifier;
EF-M13-04;M13;Programmes verticaux;IST : prise en charge syndromique, notification des partenaires;Indispensable;CT-M13-CL;"Cahier des charges ; Schéma de base de données ; Spécification API ; Jeu de données de démonstration";À vérifier;
EF-M13-05;M13;Programmes verticaux;Maladies chroniques : cohortes HTA, diabète, avec suivi de la tension, de la glycémie, de l'observance et des rendez-vous;Indispensable;CT-M13-CL;"Cahier des charges ; Schéma de base de données ; Spécification API ; Jeu de données de démonstration";À vérifier;
EF-M13-06;M13;Programmes verticaux;Autres : lèpre, trypanosomiase humaine africaine, personnes du troisième âge, dépistage des infirmités;Souhaitable;CT-M13-CL;"Cahier des charges ; Schéma de base de données ; Spécification API ; Jeu de données de démonstration";À vérifier;
EF-M13-07;M13;Programmes verticaux;Calculer et exporter les indicateurs propres à chaque programme dans leurs canevas respectifs;Indispensable;CT-M13-CL;"Cahier des charges ; Schéma de base de données ; Spécification API ; Jeu de données de démonstration";À vérifier;
EF-M14-01;M14;Référence et contre-référence;Créer une référence vers l'HGR ou une autre structure : motif, diagnostic, actes déjà posés, traitement administré, degré d'urgence, moyen de transport;Indispensable;CT-M14-01;"Cahier des charges ; Schéma de base de données ; Spécification API ; Jeu de données de démonstration";À vérifier;
EF-M14-02;M14;Référence et contre-référence;Imprimer le billet/fiche de référence conforme et tenir le registre des malades référés;Indispensable;CT-M14-01;"Cahier des charges ; Schéma de base de données ; Spécification API ; Jeu de données de démonstration";À vérifier;
EF-M14-03;M14;Référence et contre-référence;"Enregistrer la contre-référence reçue et la rattacher au dossier ; classer les lettres de contre-référence";Indispensable;CT-M14-01;"Cahier des charges ; Schéma de base de données ; Spécification API ; Jeu de données de démonstration";À vérifier;
EF-M14-04;M14;Référence et contre-référence;Suivre le taux de référence, le taux de contre-référence effective et les délais;Indispensable;CT-M14-01;"Cahier des charges ; Schéma de base de données ; Spécification API ; Jeu de données de démonstration";À vérifier;
EF-M14-05;M14;Référence et contre-référence;Notifier la structure d'accueil par SMS ou message si le réseau est disponible;Souhaitable;CT-M14-01;"Cahier des charges ; Schéma de base de données ; Spécification API ; Jeu de données de démonstration";À vérifier;
EF-M15-01;M15;Caisse, tarification et facturation;Facturer selon un moteur de tarification gérant le forfait par épisode, le tarif à l'acte, le tarif par régime et le prix du traitement standard;Indispensable;CT-M15-01;"Cahier des charges ; Schéma de base de données ; Spécification API ; Maquettes ; Jeu de données de démonstration";À vérifier;
EF-M15-02;M15;Caisse, tarification et facturation;Générer automatiquement la facture à partir des actes, examens, médicaments et journées d'observation consommés;Indispensable;CT-M15-01;"Cahier des charges ; Schéma de base de données ; Spécification API ; Maquettes ; Jeu de données de démonstration";À vérifier;
EF-M15-03;M15;Caisse, tarification et facturation;Encaisser en espèces (CDF/USD), mobile money, chèque, avec reçu/quittance numéroté en série inaltérable;Indispensable;CT-M15-CL;"Cahier des charges ; Schéma de base de données ; Spécification API ; Maquettes ; Jeu de données de démonstration";À vérifier;
EF-M15-04;M15;Caisse, tarification et facturation;Gérer les paiements partiels, les avances, les crédits et les dettes patients avec échéancier et suivi des impayés;Indispensable;CT-M15-CL;"Cahier des charges ; Schéma de base de données ; Spécification API ; Maquettes ; Jeu de données de démonstration";À vérifier;
EF-M15-05;M15;Caisse, tarification et facturation;Gérer les exonérations : indigent, personnel, gratuité maternité, programme, avec motif, pièce justificative et validation hiérarchique;Indispensable;CT-M09-01;"Cahier des charges ; Schéma de base de données ; Spécification API ; Maquettes ; Jeu de données de démonstration";À vérifier;
EF-M15-06;M15;Caisse, tarification et facturation;Tenir le journal de caisse, le bon d'entrée caisse, le bon de sortie caisse, le rapport de caisse journalier et le bordereau de versement au trésorier;Indispensable;CT-M15-02;"Cahier des charges ; Schéma de base de données ; Spécification API ; Maquettes ; Jeu de données de démonstration";À vérifier;
EF-M15-07;M15;Caisse, tarification et facturation;Clôturer la caisse par caissier et par poste, avec comptage des espèces, écart constaté et justification obligatoire;Indispensable;CT-M15-02;"Cahier des charges ; Schéma de base de données ; Spécification API ; Maquettes ; Jeu de données de démonstration";À vérifier;
EF-M15-08;M15;Caisse, tarification et facturation;Interdire la suppression d'une opération encaissée : correction uniquement par annulation contre-passée et tracée;Indispensable;CT-M15-03;"Cahier des charges ; Schéma de base de données ; Spécification API ; Maquettes ; Jeu de données de démonstration";À vérifier;
EF-M15-09;M15;Caisse, tarification et facturation;Produire le tableau récapitulatif des recettes par service, par acte, par régime et par période;Indispensable;CT-M15-03;"Cahier des charges ; Schéma de base de données ; Spécification API ; Maquettes ; Jeu de données de démonstration";À vérifier;
EF-M15-10;M15;Caisse, tarification et facturation;Gérer la double devise avec taux journalier et conversion tracée sur chaque opération;Indispensable;CT-M15-CL;"Cahier des charges ; Schéma de base de données ; Spécification API ; Maquettes ; Jeu de données de démonstration";À vérifier;
EF-M16-01;M16;Tiers payants, mutuelles et régimes de gratuité;Gérer les conventions avec mutuelles, employeurs, assurances et programmes : périmètre couvert, taux de prise en charge, ticket modérateur, plafonds, exclusions, délais de facturation;Indispensable;CT-M16-CL;"Cahier des charges ; Schéma de base de données ; Spécification API ; Jeu de données de démonstration";À vérifier;
EF-M16-02;M16;Tiers payants, mutuelles et régimes de gratuité;Vérifier l'éligibilité de l'assuré à l'accueil (numéro d'affiliation, validité, ayants droit);Indispensable;CT-M16-01;"Cahier des charges ; Schéma de base de données ; Spécification API ; Jeu de données de démonstration";À vérifier;
EF-M16-03;M16;Tiers payants, mutuelles et régimes de gratuité;Éclater automatiquement la facture entre part patient et part tiers payant;Indispensable;CT-M15-01;"Cahier des charges ; Schéma de base de données ; Spécification API ; Jeu de données de démonstration";À vérifier;
EF-M16-04;M16;Tiers payants, mutuelles et régimes de gratuité;Produire les bordereaux de facturation périodiques par tiers payant, avec pièces justificatives attendues par la convention;Indispensable;CT-M15-01;"Cahier des charges ; Schéma de base de données ; Spécification API ; Jeu de données de démonstration";À vérifier;
EF-M16-05;M16;Tiers payants, mutuelles et régimes de gratuité;Suivre les créances tiers payants : envoyé, reçu, contesté, rejeté (avec motif), payé, et relances;Indispensable;CT-M16-CL;"Cahier des charges ; Schéma de base de données ; Spécification API ; Jeu de données de démonstration";À vérifier;
EF-M16-06;M16;Tiers payants, mutuelles et régimes de gratuité;Identifier dans les rapports SNIS les nouveaux cas mutualistes et indigents, comme l'exige le canevas;Indispensable;CT-M16-CL;"Cahier des charges ; Schéma de base de données ; Spécification API ; Jeu de données de démonstration";À vérifier;
EF-M16-07;M16;Tiers payants, mutuelles et régimes de gratuité;Produire les états de remboursement du programme de gratuité maternité et nouveau-né;Indispensable;CT-M09-01;"Cahier des charges ; Schéma de base de données ; Spécification API ; Jeu de données de démonstration";À vérifier;
EF-M17-01;M17;Comptabilité et budget;Gérer le plan comptable et la liste des comptes paramétrables, les journaux comptables, le grand livre, la balance provisoire et définitive;Indispensable;CT-M17-01;"Cahier des charges ; Schéma de base de données ; Spécification API ; Jeu de données de démonstration";À vérifier;
EF-M17-02;M17;Comptabilité et budget;Générer les écritures automatiquement depuis la caisse, la pharmacie et la paie;Indispensable;CT-M17-CL;"Cahier des charges ; Schéma de base de données ; Spécification API ; Jeu de données de démonstration";À vérifier;
EF-M17-03;M17;Comptabilité et budget;Gérer la banque : journal de banque, ordres de paiement et de virement, rapprochement bancaire;Indispensable;CT-M17-CL;"Cahier des charges ; Schéma de base de données ; Spécification API ; Jeu de données de démonstration";À vérifier;
EF-M17-04;M17;Comptabilité et budget;Gérer le budget : élaboration, fiche budgétaire, tableau de suivi budgétaire, engagements, alerte de dépassement;Indispensable;CT-M17-02;"Cahier des charges ; Schéma de base de données ; Spécification API ; Jeu de données de démonstration";À vérifier;
EF-M17-05;M17;Comptabilité et budget;Gérer la trésorerie : plan de trésorerie, rapport de trésorerie, prévisions de décaissement;Indispensable;CT-M17-CL;"Cahier des charges ; Schéma de base de données ; Spécification API ; Jeu de données de démonstration";À vérifier;
EF-M17-06;M17;Comptabilité et budget;Gérer les pièces de dépense : bon de demande de fonds, bon d'engagement, bon de réquisition, bon de commande, bon à justifier, facture fournisseur;Indispensable;CT-M17-01;"Cahier des charges ; Schéma de base de données ; Spécification API ; Jeu de données de démonstration";À vérifier;
EF-M17-07;M17;Comptabilité et budget;Produire le compte de résultat, le bilan simplifié, le livre d'inventaire et les états annexes;Souhaitable;CT-M17-CL;"Cahier des charges ; Schéma de base de données ; Spécification API ; Jeu de données de démonstration";À vérifier;
EF-M17-08;M17;Comptabilité et budget;Produire les rubriques recettes, dépenses et financement indirect du canevas SNIS;Indispensable;CT-M17-CL;"Cahier des charges ; Schéma de base de données ; Spécification API ; Jeu de données de démonstration";À vérifier;
EF-M17-09;M17;Comptabilité et budget;Gérer les projets et bailleurs : affectation analytique des recettes et dépenses par source de financement;Indispensable;CT-M17-CL;"Cahier des charges ; Schéma de base de données ; Spécification API ; Jeu de données de démonstration";À vérifier;
EF-M18-01;M18;Ressources humaines et paie;Tenir le dossier de l'agent : identité, qualification (L2, A1, A2, sage-femme, nutritionniste, technicien de laboratoire, médecin, autre), matricule, statut, ancienneté, diplômes, description de poste;Indispensable;CT-M18-CL;"Cahier des charges ; Schéma de base de données ; Spécification API ; Jeu de données de démonstration";À vérifier;
EF-M18-02;M18;Ressources humaines et paie;Gérer les présences : liste/registre de présences, jours prévus, jours prestés, absences justifiées et injustifiées, conformément au canevas SNIS;Indispensable;CT-M18-01;"Cahier des charges ; Schéma de base de données ; Spécification API ; Jeu de données de démonstration";À vérifier;
EF-M18-03;M18;Ressources humaines et paie;Gérer les congés : planning, décision de congé, soldes;Indispensable;CT-M18-CL;"Cahier des charges ; Schéma de base de données ; Spécification API ; Jeu de données de démonstration";À vérifier;
EF-M18-04;M18;Ressources humaines et paie;Gérer les roulements de service et les gardes;Indispensable;CT-M18-CL;"Cahier des charges ; Schéma de base de données ; Spécification API ; Jeu de données de démonstration";À vérifier;
EF-M18-05;M18;Ressources humaines et paie;Gérer la paie : éléments de rémunération, prime de performance FBP individuelle, retenues, état de paie, bulletins;Indispensable;CT-M18-01;"Cahier des charges ; Schéma de base de données ; Spécification API ; Jeu de données de démonstration";À vérifier;
EF-M18-06;M18;Ressources humaines et paie;Gérer l'évaluation (fiche de cotation) et la discipline (procès-verbaux d'ouverture, de clôture, de transmission);Souhaitable;CT-M18-CL;"Cahier des charges ; Schéma de base de données ; Spécification API ; Jeu de données de démonstration";À vérifier;
EF-M18-07;M18;Ressources humaines et paie;Gérer la formation continue : plan, sessions, participation, attestations;Souhaitable;CT-M18-CL;"Cahier des charges ; Schéma de base de données ; Spécification API ; Jeu de données de démonstration";À vérifier;
EF-M18-08;M18;Ressources humaines et paie;Gérer les ordres de mission et les frais de mission;Souhaitable;CT-M18-CL;"Cahier des charges ; Schéma de base de données ; Spécification API ; Jeu de données de démonstration";À vérifier;
EF-M19-01;M19;Immobilisations, équipements et maintenance;Inventorier les équipements : code, localisation, date d'acquisition, valeur, source de financement, état (fonctionnel, en panne, hors d'usage);Indispensable;CT-M19-CL;"Cahier des charges ; Schéma de base de données ; Spécification API ; Jeu de données de démonstration";À vérifier;
EF-M19-02;M19;Immobilisations, équipements et maintenance;Suivre les équipements exigés par le canevas SNIS : électricité, frigo, microscope, glucomètre, spectrophotomètre, centrifugeuse, et leur fonctionnalité;Indispensable;CT-M19-CL;"Cahier des charges ; Schéma de base de données ; Spécification API ; Jeu de données de démonstration";À vérifier;
EF-M19-03;M19;Immobilisations, équipements et maintenance;Gérer la maintenance préventive (calendrier, alertes) et curative (demande d'intervention, coût, pièces);Indispensable;CT-M19-CL;"Cahier des charges ; Schéma de base de données ; Spécification API ; Jeu de données de démonstration";À vérifier;
EF-M19-04;M19;Immobilisations, équipements et maintenance;Gérer les amortissements et la réforme des biens;Souhaitable;CT-M19-CL;"Cahier des charges ; Schéma de base de données ; Spécification API ; Jeu de données de démonstration";À vérifier;
EF-M20-01;M20;Hygiène, déchets et stérilisation;Suivre les cycles de stérilisation (charge, température, durée, contrôle) et la traçabilité des instruments;Souhaitable;CT-M20-CL;"Cahier des charges ; Schéma de base de données ; Spécification API ; Jeu de données de démonstration";À vérifier;
EF-M20-02;M20;Hygiène, déchets et stérilisation;Suivre la gestion des déchets biomédicaux : tri, collecte, incinération/enfouissement, registre;Indispensable;CT-M20-CL;"Cahier des charges ; Schéma de base de données ; Spécification API ; Jeu de données de démonstration";À vérifier;
EF-M20-03;M20;Hygiène, déchets et stérilisation;Suivre les indicateurs d'hygiène et de prévention des infections, les accidents d'exposition au sang et les checklists de nettoyage;Souhaitable;CT-M20-CL;"Cahier des charges ; Schéma de base de données ; Spécification API ; Jeu de données de démonstration";À vérifier;
EF-M20-04;M20;Hygiène, déchets et stérilisation;Suivre la disponibilité de l'eau, de l'électricité et des consommables d'hygiène (critères de qualité FBP);Indispensable;CT-M20-CL;"Cahier des charges ; Schéma de base de données ; Spécification API ; Jeu de données de démonstration";À vérifier;
EF-M21-01;M21;Activités communautaires et RECO;Gérer les relais communautaires et les CAC : identité, village, formation, supervision;Indispensable;CT-M21-CL;"Cahier des charges ; Schéma de base de données ; Spécification API ; Jeu de données de démonstration";À vérifier;
EF-M21-02;M21;Activités communautaires et RECO;Enregistrer les activités des RECO : visites à domicile, sensibilisations, récupérations d'enfants et de femmes enceintes, référence communautaire;Indispensable;CT-M21-CL;"Cahier des charges ; Schéma de base de données ; Spécification API ; Jeu de données de démonstration";À vérifier;
EF-M21-03;M21;Activités communautaires et RECO;Gérer les sites de soins communautaires : fonctionnement, prise en charge des cas, stock de proximité, rapportage;Indispensable;CT-M21-CL;"Cahier des charges ; Schéma de base de données ; Spécification API ; Jeu de données de démonstration";À vérifier;
EF-M21-04;M21;Activités communautaires et RECO;Gérer la PCIME communautaire et les perdus de vue à récupérer, avec listes nominatives par village;Indispensable;CT-M10-02;"Cahier des charges ; Schéma de base de données ; Spécification API ; Jeu de données de démonstration";À vérifier;
EF-M21-05;M21;Activités communautaires et RECO;Gérer les séances de communication pour le changement de comportement et la participation communautaire (COSA, réunions);Indispensable;CT-M21-CL;"Cahier des charges ; Schéma de base de données ; Spécification API ; Jeu de données de démonstration";À vérifier;
EF-M21-06;M21;Activités communautaires et RECO;Application mobile légère ou formulaire USSD/SMS pour la saisie par les RECO sans connexion permanente;Souhaitable;CT-M21-CL;"Cahier des charges ; Schéma de base de données ; Spécification API ; Jeu de données de démonstration";À vérifier;
EF-M22-01;M22;SNIS, DHIS2 et rapports réglementaires;Générer le rapport mensuel du centre de santé conforme au canevas SNIS, sans ressaisie, à partir des données de production;Indispensable;CT-M22-01;"Cahier des charges ; Schéma de base de données ; Spécification API ; Maquettes ; Mapping DHIS2/SIGL ; Jeu de données de démonstration";À vérifier;
EF-M22-02;M22;SNIS, DHIS2 et rapports réglementaires;Couvrir toutes les rubriques : consultations et caractéristiques des nouveaux cas (femmes enceintes, mutualistes, indigents), morbidité notifiable, santé de la mère, PF, santé de l'enfant et PEV, laboratoire, nutrition, références et observation, décès par cause et âge, activités communautaires, sites de soins, supervision, personnel, pharmacie, matériel, recettes, dépenses, financement indirect;Indispensable;CT-M22-01;"Cahier des charges ; Schéma de base de données ; Spécification API ; Maquettes ; Mapping DHIS2/SIGL ; Jeu de données de démonstration";À vérifier;
EF-M22-03;M22;SNIS, DHIS2 et rapports réglementaires;Contrôler la cohérence avant transmission : totaux, ventilations par sexe et par groupe d'âge (moins de 5 ans / 5 ans et plus), valeurs aberrantes, complétude;Indispensable;CT-M22-02;"Cahier des charges ; Schéma de base de données ; Spécification API ; Maquettes ; Mapping DHIS2/SIGL ; Jeu de données de démonstration";À vérifier;
EF-M22-04;M22;SNIS, DHIS2 et rapports réglementaires;Exporter en PDF pour signature, en Excel/CSV, et par API DHIS2 (`dataValueSets`) avec mapping des éléments de données et des unités d'organisation;Indispensable;CT-M22-04;"Cahier des charges ; Schéma de base de données ; Spécification API ; Maquettes ; Mapping DHIS2/SIGL ; Jeu de données de démonstration";À vérifier;
EF-M22-05;M22;SNIS, DHIS2 et rapports réglementaires;Tracer l'envoi : date, auteur, accusé, version corrective (rapport rectificatif);Indispensable;CT-M22-03;"Cahier des charges ; Schéma de base de données ; Spécification API ; Maquettes ; Mapping DHIS2/SIGL ; Jeu de données de démonstration";À vérifier;
EF-M22-06;M22;SNIS, DHIS2 et rapports réglementaires;Mesurer la complétude et la promptitude des rapports, indicateurs suivis par la DPS;Indispensable;CT-M22-03;"Cahier des charges ; Schéma de base de données ; Spécification API ; Maquettes ; Mapping DHIS2/SIGL ; Jeu de données de démonstration";À vérifier;
EF-M22-07;M22;SNIS, DHIS2 et rapports réglementaires;Produire les rapports spécifiques des programmes (PEV, paludisme, TB, VIH, nutrition) et le rapport SIGL;Indispensable;CT-M22-CL;"Cahier des charges ; Schéma de base de données ; Spécification API ; Maquettes ; Mapping DHIS2/SIGL ; Jeu de données de démonstration";À vérifier;
EF-M22-08;M22;SNIS, DHIS2 et rapports réglementaires;Permettre la reconstitution du rapport à partir des données individuelles pour toute vérification externe (piste d'audit descendante);Indispensable;CT-M22-01;"Cahier des charges ; Schéma de base de données ; Spécification API ; Maquettes ; Mapping DHIS2/SIGL ; Jeu de données de démonstration";À vérifier;
EF-M23-01;M23;FBP et qualité;Gérer les indicateurs quantitatifs achetés, avec quantité déclarée, tarif unitaire, subside calculé;Indispensable;CT-M23-CL;"Cahier des charges ; Schéma de base de données ; Spécification API ; Jeu de données de démonstration";À vérifier;
EF-M23-02;M23;FBP et qualité;Produire le bordereau de déclaration des prestations et le dossier de vérification;Indispensable;CT-M23-01;"Cahier des charges ; Schéma de base de données ; Spécification API ; Jeu de données de démonstration";À vérifier;
EF-M23-03;M23;FBP et qualité;Relier chaque prestation déclarée à sa source primaire (registre, fiche, dossier) pour la vérification quantitative;Indispensable;CT-M23-01;"Cahier des charges ; Schéma de base de données ; Spécification API ; Jeu de données de démonstration";À vérifier;
EF-M23-04;M23;FBP et qualité;Gérer la grille d'évaluation qualitative par service, le score obtenu et le plan d'amélioration;Indispensable;CT-M23-CL;"Cahier des charges ; Schéma de base de données ; Spécification API ; Jeu de données de démonstration";À vérifier;
EF-M23-05;M23;FBP et qualité;Gérer la contre-vérification communautaire : échantillon de patients, existence et satisfaction, écarts constatés;Indispensable;CT-M23-CL;"Cahier des charges ; Schéma de base de données ; Spécification API ; Jeu de données de démonstration";À vérifier;
EF-M23-06;M23;FBP et qualité;Calculer les primes de performance et leur répartition selon la clé paramétrée;Indispensable;CT-M23-CL;"Cahier des charges ; Schéma de base de données ; Spécification API ; Jeu de données de démonstration";À vérifier;
EF-M23-07;M23;FBP et qualité;Gérer le plan de management/plan d'action du centre et son suivi;Indispensable;CT-M23-CL;"Cahier des charges ; Schéma de base de données ; Spécification API ; Jeu de données de démonstration";À vérifier;
EF-M24-01;M24;Tableaux de bord et monitorage;Tableau de bord IT : activité du jour, file d'attente, recettes du jour, alertes stock, rapports en retard;Indispensable;CT-M24-CL;"Cahier des charges ; Schéma de base de données ; Spécification API ; Maquettes ; Jeu de données de démonstration";À vérifier;
EF-M24-02;M24;Tableaux de bord et monitorage;Monitorage de l'aire de santé : taux d'utilisation des services curatifs, couverture CPN 1 et 4, accouchements assistés, couverture vaccinale par antigène, PF, par mois et par village, avec dénominateurs population;Indispensable;CT-M24-01;"Cahier des charges ; Schéma de base de données ; Spécification API ; Maquettes ; Jeu de données de démonstration";À vérifier;
EF-M24-03;M24;Tableaux de bord et monitorage;Indicateurs financiers : recettes par service, coût par épisode, taux de recouvrement, part des exonérations, créances tiers payants;Indispensable;CT-M24-CL;"Cahier des charges ; Schéma de base de données ; Spécification API ; Maquettes ; Jeu de données de démonstration";À vérifier;
EF-M24-04;M24;Tableaux de bord et monitorage;Indicateurs logistiques : taux de disponibilité des produits traceurs, jours de rupture, taux de péremption, rotation du stock;Indispensable;CT-M24-CL;"Cahier des charges ; Schéma de base de données ; Spécification API ; Maquettes ; Jeu de données de démonstration";À vérifier;
EF-M24-05;M24;Tableaux de bord et monitorage;Indicateurs de qualité : taux de référence, décès, contre-référence, complétude et promptitude des rapports;Indispensable;CT-M24-CL;"Cahier des charges ; Schéma de base de données ; Spécification API ; Maquettes ; Jeu de données de démonstration";À vérifier;
EF-M24-06;M24;Tableaux de bord et monitorage;Graphiques d'évolution, comparaison à l'objectif et à la période précédente, export image et PDF;Indispensable;CT-M24-CL;"Cahier des charges ; Schéma de base de données ; Spécification API ; Maquettes ; Jeu de données de démonstration";À vérifier;
EF-M24-07;M24;Tableaux de bord et monitorage;Cartographie simple des villages et de la couverture (si coordonnées disponibles);Optionnel;CT-M24-CL;"Cahier des charges ; Schéma de base de données ; Spécification API ; Maquettes ; Jeu de données de démonstration";À vérifier;
EF-M25-01;M25;Administration, sécurité et audit;"Gérer les utilisateurs, les rôles et les permissions fines (par module, par action, par service) ; profils prédéfinis : IT, infirmier, sage-femme, laborantin, pharmacien, caissier, comptable, gestionnaire RH, administrateur, superviseur ECZS (lecture)";Indispensable;CT-M25-01;"Cahier des charges ; Schéma de base de données ; Spécification API ; Jeu de données de démonstration";À vérifier;
EF-M25-02;M25;Administration, sécurité et audit;Authentification par mot de passe fort, avec option code PIN pour postes partagés et déconnexion automatique après inactivité;Indispensable;"CT-M25-01 ; CT-M25-03";"Cahier des charges ; Schéma de base de données ; Spécification API ; Jeu de données de démonstration";À vérifier;
EF-M25-03;M25;Administration, sécurité et audit;"Journal d'audit inaltérable : création, modification, consultation, suppression logique, connexion, export, impression ; horodatage et utilisateur";Indispensable;"CT-M02-04 ; CT-M25-02";"Cahier des charges ; Schéma de base de données ; Spécification API ; Jeu de données de démonstration";À vérifier;
EF-M25-04;M25;Administration, sécurité et audit;Aucune suppression physique des données cliniques et financières : suppression logique motivée uniquement;Indispensable;CT-M25-02;"Cahier des charges ; Schéma de base de données ; Spécification API ; Jeu de données de démonstration";À vérifier;
EF-M25-05;M25;Administration, sécurité et audit;Sauvegardes automatiques locales chiffrées (quotidiennes), export sur support externe, et sauvegarde distante si connexion;Indispensable;CT-M26-03;"Cahier des charges ; Schéma de base de données ; Spécification API ; Jeu de données de démonstration";À vérifier;
EF-M25-06;M25;Administration, sécurité et audit;Procédure de restauration testée et documentée, avec test de restauration mensuel;Indispensable;CT-M26-03;"Cahier des charges ; Schéma de base de données ; Spécification API ; Jeu de données de démonstration";À vérifier;
EF-M25-07;M25;Administration, sécurité et audit;Registre des traitements de données personnelles, politique de conservation et d'anonymisation conforme au Code du numérique (R6);Indispensable;CT-M25-CL;"Cahier des charges ; Schéma de base de données ; Spécification API ; Jeu de données de démonstration";À vérifier;
EF-M25-08;M25;Administration, sécurité et audit;Gestion du consentement, droit d'accès et de rectification du patient, export des données d'un patient sur demande;Indispensable;CT-M25-CL;"Cahier des charges ; Schéma de base de données ; Spécification API ; Jeu de données de démonstration";À vérifier;
EF-M25-09;M25;Administration, sécurité et audit;Masquage renforcé des données sensibles (VIH, violences sexuelles, santé mentale) avec accès dédié et justification;Indispensable;CT-M25-CL;"Cahier des charges ; Schéma de base de données ; Spécification API ; Jeu de données de démonstration";À vérifier;
EF-M25-10;M25;Administration, sécurité et audit;Mode « bris de glace » d'urgence, journalisé et notifié à l'administrateur;Souhaitable;CT-M25-CL;"Cahier des charges ; Schéma de base de données ; Spécification API ; Jeu de données de démonstration";À vérifier;
EF-M26-01;M26;Synchronisation et multi-sites;Fonctionnement hors ligne complet : toutes les fonctions cliniques, pharmaceutiques et de caisse disponibles sans internet;Indispensable;CT-M26-01;"Cahier des charges ; Schéma de base de données ; Spécification API ; Jeu de données de démonstration";À vérifier;
EF-M26-02;M26;Synchronisation et multi-sites;Synchronisation incrémentale opportuniste dès que la connexion est disponible, avec reprise après interruption;Indispensable;CT-M26-01;"Cahier des charges ; Schéma de base de données ; Spécification API ; Jeu de données de démonstration";À vérifier;
EF-M26-03;M26;Synchronisation et multi-sites;Résolution des conflits déterministe et traçable, avec file des conflits à arbitrer par un administrateur;Indispensable;CT-M26-02;"Cahier des charges ; Schéma de base de données ; Spécification API ; Jeu de données de démonstration";À vérifier;
EF-M26-04;M26;Synchronisation et multi-sites;Identifiants globalement uniques (UUID) pour éviter les collisions entre sites;Indispensable;CT-M26-01;"Cahier des charges ; Schéma de base de données ; Spécification API ; Jeu de données de démonstration";À vérifier;
EF-M26-05;M26;Synchronisation et multi-sites;Consolidation multi-structures pour un réseau ou une zone de santé, avec cloisonnement des données par structure;Souhaitable;CT-M26-CL;"Cahier des charges ; Schéma de base de données ; Spécification API ; Jeu de données de démonstration";À vérifier;
EF-M26-06;M26;Synchronisation et multi-sites;Indicateur visible de l'état de synchronisation et de la dernière sauvegarde réussie;Indispensable;CT-M26-03;"Cahier des charges ; Schéma de base de données ; Spécification API ; Jeu de données de démonstration";À vérifier;
EF-M27-01;M27;Notifications;Rappels de rendez-vous par SMS (CPN, CPS/vaccination, PF, ARV, TB), avec consentement préalable;Souhaitable;CT-M27-01;"Cahier des charges ; Schéma de base de données ; Spécification API ; Jeu de données de démonstration";À vérifier;
EF-M27-02;M27;Notifications;Alertes internes : rupture de stock, péremption, résultat critique, rapport en retard, écart de caisse;Indispensable;"CT-M06-01 ; CT-M07-06";"Cahier des charges ; Schéma de base de données ; Spécification API ; Jeu de données de démonstration";À vérifier;
EF-M27-03;M27;Notifications;Alerte de notification épidémiologique à l'ECZS;Indispensable;CT-M04-02;"Cahier des charges ; Schéma de base de données ; Spécification API ; Jeu de données de démonstration";À vérifier;
EF-M27-04;M27;Notifications;Paramétrage des modèles de messages, quotas et coûts;Souhaitable;CT-M27-01;"Cahier des charges ; Schéma de base de données ; Spécification API ; Jeu de données de démonstration";À vérifier;
EF-M28-01;M28;Interopérabilité;API REST documentée (OpenAPI) sur toutes les entités métier, avec authentification par jeton et journalisation;Indispensable;CT-M28-01;"Cahier des charges ; Schéma de base de données ; Spécification API ; Mapping DHIS2/SIGL ; Jeu de données de démonstration";À vérifier;
EF-M28-02;M28;Interopérabilité;Export/import HL7 FHIR R4 au minimum pour Patient, Encounter, Observation, Condition, MedicationRequest, Immunization, Location, Practitioner;Souhaitable;CT-M28-CL;"Cahier des charges ; Schéma de base de données ; Spécification API ; Mapping DHIS2/SIGL ; Jeu de données de démonstration";À vérifier;
EF-M28-03;M28;Interopérabilité;Intégration DHIS2 : `dataValueSets`, métadonnées, mapping paramétrable, rejeu des envois échoués;Indispensable;CT-M22-04;"Cahier des charges ; Schéma de base de données ; Spécification API ; Mapping DHIS2/SIGL ; Jeu de données de démonstration";À vérifier;
EF-M28-04;M28;Interopérabilité;Intégration SIGL/InfoMED pour la remontée des données logistiques;Souhaitable;CT-M28-CL;"Cahier des charges ; Schéma de base de données ; Spécification API ; Mapping DHIS2/SIGL ; Jeu de données de démonstration";À vérifier;
EF-M28-05;M28;Interopérabilité;Intégration mobile money (encaissement et rapprochement), en mode connecteur remplaçable;Souhaitable;CT-M28-CL;"Cahier des charges ; Schéma de base de données ; Spécification API ; Mapping DHIS2/SIGL ; Jeu de données de démonstration";À vérifier;
EF-M28-06;M28;Interopérabilité;Lecture/écriture de codes-barres et QR (carte patient, lots de médicaments, étiquettes d'échantillons);Indispensable;CT-M28-CL;"Cahier des charges ; Schéma de base de données ; Spécification API ; Mapping DHIS2/SIGL ; Jeu de données de démonstration";À vérifier;
EF-M28-07;M28;Interopérabilité;Impression sur imprimante thermique 58/80 mm et A5/A4, avec gabarits éditables;Indispensable;CT-M28-CL;"Cahier des charges ; Schéma de base de données ; Spécification API ; Mapping DHIS2/SIGL ; Jeu de données de démonstration";À vérifier;
RG-01;—;Règles de gestion transversales;"Un patient ne peut avoir qu'un seul dossier actif ; toute fusion conserve les deux identifiants historiques.";Indispensable;CT-RG-CL;"Cahier des charges ; Schéma de base de données ; Spécification API";À vérifier;
RG-02;—;Règles de gestion transversales;Un nouveau cas est déterminé par l'absence d'épisode clos pour le même problème dans la fenêtre paramétrée (par défaut 14 jours).;Indispensable;CT-M03-02;"Cahier des charges ; Schéma de base de données ; Spécification API";À vérifier;
RG-03;—;Règles de gestion transversales;Aucune dispensation sans prescription ou sans vente enregistrée en officine.;Indispensable;CT-M07-03;"Cahier des charges ; Schéma de base de données ; Spécification API";À vérifier;
RG-04;—;Règles de gestion transversales;Aucune sortie de stock ne peut rendre un solde de lot négatif.;Indispensable;CT-M07-01;"Cahier des charges ; Schéma de base de données ; Spécification API";À vérifier;
RG-05;—;Règles de gestion transversales;Sortie de stock FEFO obligatoire, dérogation motivée et tracée.;Indispensable;CT-M07-02;"Cahier des charges ; Schéma de base de données ; Spécification API";À vérifier;
RG-06;—;Règles de gestion transversales;Une prestation relevant de la gratuité maternité ne peut être encaissée auprès du patient.;Indispensable;CT-M09-01;"Cahier des charges ; Schéma de base de données ; Spécification API";À vérifier;
RG-07;—;Règles de gestion transversales;"Une facture validée n'est plus modifiable ; seule une note d'annulation contre-passée est possible.";Indispensable;"CT-M04-01 ; CT-M15-03";"Cahier des charges ; Schéma de base de données ; Spécification API";À vérifier;
RG-08;—;Règles de gestion transversales;La session de caisse doit être clôturée avant la fin du service, avec comptage et écart justifié.;Indispensable;CT-M15-02;"Cahier des charges ; Schéma de base de données ; Spécification API";À vérifier;
RG-09;—;Règles de gestion transversales;Le rapport mensuel ne peut être transmis que si les contrôles de cohérence bloquants sont levés.;Indispensable;CT-M01-01;"Cahier des charges ; Schéma de base de données ; Spécification API";À vérifier;
RG-10;—;Règles de gestion transversales;Tout accès à un dossier sensible exige une justification enregistrée.;Indispensable;CT-M05-01;"Cahier des charges ; Schéma de base de données ; Spécification API";À vérifier;
RG-11;—;Règles de gestion transversales;"Les données d'un mois clos sont figées ; une correction produit un rapport rectificatif versionné.";Indispensable;CT-M22-03;"Cahier des charges ; Schéma de base de données ; Spécification API";À vérifier;
RG-12;—;Règles de gestion transversales;Chaque enregistrement porte l'agent, la date système et, si différente, la date de l'événement clinique.;Indispensable;CT-M17-01;"Cahier des charges ; Schéma de base de données ; Spécification API";À vérifier;
ENF-P01;—;Exigences non fonctionnelles;Temps de réponse des écrans courants sur poste d'entrée de gamme;Indispensable;Tests non fonctionnels — ENF-P01;"Cahier des charges ; Plan de tests";À vérifier;95e centile inférieur à 2 secondes
ENF-P02;—;Exigences non fonctionnelles;Recherche patient sur 50 000 dossiers;Indispensable;Tests non fonctionnels — ENF-P02;"Cahier des charges ; Plan de tests";À vérifier;moins de 1 seconde
ENF-P03;—;Exigences non fonctionnelles;Génération du rapport mensuel;Indispensable;Tests non fonctionnels — ENF-P03;"Cahier des charges ; Plan de tests";À vérifier;moins de 60 secondes
ENF-P04;—;Exigences non fonctionnelles;Dix postes simultanés en pointe;Indispensable;Tests non fonctionnels — ENF-P04;"Cahier des charges ; Plan de tests";À vérifier;aucune dégradation supérieure à 30 %
ENF-P05;—;Exigences non fonctionnelles;Impression d'un reçu thermique;Indispensable;Tests non fonctionnels — ENF-P05;"Cahier des charges ; Plan de tests";À vérifier;moins de 3 secondes
ENF-P06;—;Exigences non fonctionnelles;Démarrage complet du poste;Indispensable;Tests non fonctionnels — ENF-P06;"Cahier des charges ; Plan de tests";À vérifier;moins de 60 secondes
ENF-O01;—;Exigences non fonctionnelles;Autonomie hors ligne;Indispensable;Tests non fonctionnels — ENF-O01;"Cahier des charges ; Plan de tests";À vérifier;30 jours de fonctionnement complet
ENF-S01;—;Exigences non fonctionnelles;Test d'intrusion applicatif sur les rôles et les accès directs;Indispensable;Tests non fonctionnels — ENF-S01;"Cahier des charges ; Plan de tests";À vérifier;aucune élévation de privilège
ENF-S02;—;Exigences non fonctionnelles;Chiffrement au repos et en transit;Indispensable;Tests non fonctionnels — ENF-S02;"Cahier des charges ; Plan de tests";À vérifier;vérifié par inspection technique
ENF-S03;—;Exigences non fonctionnelles;Politique de mots de passe et verrouillage après échecs;Indispensable;Tests non fonctionnels — ENF-S03;"Cahier des charges ; Plan de tests";À vérifier;conforme au paramétrage
ENF-F01;—;Exigences non fonctionnelles;Coupure électrique brutale pendant une écriture;Indispensable;Tests non fonctionnels — ENF-F01;"Cahier des charges ; Plan de tests";À vérifier;aucune corruption, reprise automatique
ENF-F02;—;Exigences non fonctionnelles;Perte du serveur, restauration;Indispensable;Tests non fonctionnels — ENF-F02;"Cahier des charges ; Plan de tests";À vérifier;objectif de reprise inférieur à 2 heures, perte de données inférieure à 24 heures
ENF-U01;—;Exigences non fonctionnelles;Prise en main par un agent non informaticien;Indispensable;Tests non fonctionnels — ENF-U01;"Cahier des charges ; Plan de tests";À vérifier;tâches courantes réalisées après 4 heures de formation
ENF-U02;—;Exigences non fonctionnelles;Utilisation sur écran de 10 pouces;Indispensable;Tests non fonctionnels — ENF-U02;"Cahier des charges ; Plan de tests";À vérifier;tous les écrans utilisables sans défilement horizontal
